Dead Line,POH
60,14.629999999999999
120,30.14
180,45.06
240,61.76
300,78.60000000000001
360,100.86
420,126.32
480,159.97000000000003
540,199.6
600,246.31
660,300.15
