Dead Line,POH
60,2.89
120,8.85
180,12.0
240,18.54
300,23.47
360,27.689999999999998
420,36.79
480,44.300000000000004
540,54.81999999999999
600,64.55
660,74.84
720,85.56
780,98.74
840,116.69999999999999
900,135.89
960,156.64000000000001
1020,183.15
1080,214.4
1140,249.27999999999997
1200,282.24
1260,318.3
1320,351.24000000000007
1380,387.6
1440,422.39
